{"train_epoch/x_CE":0,"train_epoch/E_CE":0.10255037248134613,"train_epoch/y_CE":-1,"_timestamp":1.7581147253155997e+09,"_wandb":{"runtime":31},"_runtime":31.78776645,"_step":0}