{"val/E_logp":-39117.30078125,"log_pn":-3.812309503555298,"train_epoch/x_CE":0,"val/X_kl":0,"val/E_kl":8466.841796875,"Estimator loss terms":37381.29296875,"val/X_logp":0,"_wandb":{"runtime":9012},"train_epoch/y_CE":-1,"train_epoch/E_CE":0.2828245460987091,"_timestamp":1.7584156581309712e+09,"kl prior":0,"loss_term_0":-22601.587890625,"_step":119,"val_nll":59986.69140625,"_runtime":9012.478804292,"val/epoch_NLL":89942.875}