{"nb_nodes_wasserstein":3.6137499999999996,"centrality_harmonic_HYGENE":27.4,"node_degree_wasserstein_ref":5.780680202592816,"edge_size_wasserstein_train":0.16717865634271054,"centrality_harmonic_ref":188.55278980556747,"nb_nodes_HYGENE":69.73,"train_epoch/y_CE":-1,"val/X_logp":0,"prop_3_pred":0.8365876238769542,"centrality_betweenness_train":0.006926359722583097,"spectral_ref":0.0436733849087243,"centrality_betweenness_ref":0.00535710538380296,"edge_size_wasserstein_HYGENE":0.034,"graph-tf-model_resume":{"node_degree_wasserstein_HYGENE":1.05,"edge_size_wasserstein_HYGENE":0.034,"centrality_betweenness_HYGENE":0.004,"centrality_harmonic_HYGENE":27.4,"spectral_ref":0.0436733849087243,"node_degree_wasserstein_ref":5.780680202592816,"node_degree_wasserstein_train":6.0682924190964105,"edge_size_wasserstein_ref":0.16717865634271054,"prop_3_pred":0.8365876238769542,"prop_4_pred":0.14687440823111073,"prop_3_ref":1,"nb_nodes_wasserstein":3.6137499999999996,"prop_2_pred":0.012813769015506975,"prop_5_pred":0.0036821175331916596,"centrality_betweenness_train":0.006926359722583097,"centrality_harmonic_ref":188.55278980556747,"nb_nodes_HYGENE":69.73,"spectral_HYGENE":0.068,"centrality_closeness_HYGENE":0.204,"spectral_train":0.04523975413579495,"uniqueness":1,"novelty":1,"edge_size_wasserstein_train":0.16717865634271054,"prop_6_pred":4.2081343236476106e-05,"centrality_closeness_train":0.21010242326606204,"centrality_closeness_ref":0.2135982280763742,"centrality_harmonic_train":202.46323125038873,"centrality_betweenness_ref":0.00535710538380296},"train_epoch/E_CE":0.2562968134880066,"prop_3_ref":1,"centrality_closeness_train":0.21010242326606204,"val/E_kl":11035.861328125,"spectral_HYGENE":0.068,"centrality_harmonic_train":202.46323125038873,"centrality_betweenness_HYGENE":0.004,"val/X_kl":0,"edge_size_wasserstein_ref":0.16717865634271054,"node_degree_wasserstein_train":6.0682924190964105,"val/E_logp":-40623.76953125,"loss_term_0":-24532.095703125,"train_epoch/x_CE":0,"graph-tf-model_resume_epoch":5649,"val/epoch_NLL":106863.4453125,"spectral_train":0.04523975413579495,"prop_6_pred":4.2081343236476106e-05,"_runtime":113662.169059983,"_step":803,"uniqueness":1,"_wandb":{"runtime":113662},"prop_5_pred":0.0036821175331916596,"centrality_closeness_HYGENE":0.204,"_timestamp":1.7582284659109566e+09,"prop_4_pred":0.14687440823111073,"log_pn":-3.812309503555298,"novelty":1,"centrality_closeness_ref":0.2135982280763742,"Estimator loss terms":58833.76953125,"val_nll":83369.671875,"node_degree_wasserstein_HYGENE":1.05,"prop_2_pred":0.012813769015506975,"kl prior":0}