{"batch_test_nll":9859.7353515625,"prop_4_pred":0.14220976145013436,"_timestamp":1.7582951834316099e+09,"node_degree_wasserstein_HYGENE":1.05,"nb_nodes_wasserstein":2.4141249999999994,"Estimator loss terms":5732.99951171875,"_wandb":{"runtime":66702},"prop_3_pred":0.8391926802083963,"prop_2_pred":0.014828366784458404,"test/E_logp":NaN,"edge_size_wasserstein_HYGENE":0.034,"loss_term_0":-4121.8837890625,"centrality_harmonic_HYGENE":27.4,"node_degree_wasserstein_train":5.978268196508406,"test/X_kl":0,"centrality_closeness_train":0.2171666602288597,"prop_6_pred":3.455992258577341e-05,"test/E_kl":13.981505393981934,"uniqueness":1,"_runtime":66701.931459314,"kl prior":0,"centrality_betweenness_HYGENE":0.004,"node_degree_wasserstein_ref":5.7113621497658205,"spectral_ref":0.0546184276018129,"spectral_train":0.04605238504143272,"prop_5_pred":0.0037346316344251387,"novelty":1,"centrality_harmonic_ref":182.99708020771706,"spectral_HYGENE":0.068,"nb_nodes_HYGENE":69.73,"centrality_betweenness_train":0.0069874744155553215,"centrality_closeness_HYGENE":0.204,"centrality_harmonic_train":185.1818636315444,"edge_size_wasserstein_ref":0.1646110712712003,"graph-tf-model_resume":{"prop_6_pred":3.455992258577341e-05,"edge_size_wasserstein_HYGENE":0.034,"spectral_HYGENE":0.068,"centrality_closeness_HYGENE":0.204,"centrality_betweenness_HYGENE":0.004,"node_degree_wasserstein_train":5.978268196508406,"edge_size_wasserstein_ref":0.1646110712712003,"edge_size_wasserstein_train":0.1646110712712003,"prop_5_pred":0.0037346316344251387,"prop_3_ref":1,"spectral_ref":0.0546184276018129,"centrality_betweenness_train":0.0069874744155553215,"centrality_betweenness_ref":0.008709608293811101,"prop_3_pred":0.8391926802083963,"prop_4_pred":0.14220976145013436,"uniqueness":1,"novelty":1,"nb_nodes_wasserstein":2.4141249999999994,"centrality_closeness_train":0.2171666602288597,"centrality_harmonic_train":185.1818636315444,"node_degree_wasserstein_HYGENE":1.05,"prop_2_pred":0.014828366784458404,"spectral_train":0.04605238504143272,"centrality_closeness_ref":0.21602581872197688,"centrality_harmonic_ref":182.99708020771706,"nb_nodes_HYGENE":69.73,"centrality_harmonic_HYGENE":27.4,"node_degree_wasserstein_ref":5.7113621497658205},"centrality_closeness_ref":0.21602581872197688,"log_pn":-4.852030277252197,"_step":22,"test/X_logp":NaN,"test/epoch_NLL":70836.9609375,"edge_size_wasserstein_train":0.1646110712712003,"graph-tf-model_resume_epoch":6000,"centrality_betweenness_ref":0.008709608293811101,"prop_3_ref":1}