{"centrality_closeness_HYGENE":0.204,"edge_size_wasserstein_train":0.07614521046406644,"kl prior":0,"centrality_closeness_train":0.16421464544971345,"log_pn":-4.852030277252197,"centrality_closeness_ref":0.16307380394283064,"spectral_HYGENE":0.068,"prop_4_pred":0.05271000441811261,"novelty":1,"centrality_betweenness_ref":0.007665932505558526,"test/epoch_NLL":67038.609375,"prop_3_ref":1,"edge_size_wasserstein_ref":0.07614521046406644,"prop_2_pred":0.022090563076104047,"nb_nodes_wasserstein":2.416125,"_runtime":61466.872554787,"centrality_betweenness_HYGENE":0.004,"centrality_harmonic_train":90.25201093792776,"_step":22,"node_degree_wasserstein_ref":2.898596096878305,"_timestamp":1.7584771429744542e+09,"test/E_kl":13.076992988586426,"graph-tf-model_resume":{"centrality_harmonic_train":90.25201093792776,"node_degree_wasserstein_HYGENE":1.05,"centrality_betweenness_HYGENE":0.004,"node_degree_wasserstein_train":3.1655021436208894,"uniqueness":1,"centrality_harmonic_ref":88.06722751410045,"centrality_harmonic_HYGENE":27.4,"edge_size_wasserstein_train":0.07614521046406644,"prop_3_ref":1,"nb_nodes_wasserstein":2.416125,"centrality_closeness_train":0.16421464544971345,"centrality_betweenness_train":0.00590435617287645,"centrality_betweenness_ref":0.007665932505558526,"edge_size_wasserstein_HYGENE":0.034,"spectral_HYGENE":0.068,"prop_3_pred":0.9245298551901846,"prop_6_pred":5.4883386524482105e-06,"spectral_ref":0.037115845244460655,"spectral_train":0.028908014311479935,"novelty":1,"centrality_closeness_ref":0.16307380394283064,"nb_nodes_HYGENE":69.73,"centrality_closeness_HYGENE":0.204,"node_degree_wasserstein_ref":2.898596096878305,"edge_size_wasserstein_ref":0.07614521046406644,"prop_4_pred":0.05271000441811261,"prop_2_pred":0.022090563076104047,"prop_5_pred":0.0006640889769462335},"node_degree_wasserstein_HYGENE":1.05,"loss_term_0":-3997.65380859375,"_wandb":{"runtime":61467},"edge_size_wasserstein_HYGENE":0.034,"node_degree_wasserstein_train":3.1655021436208894,"centrality_harmonic_HYGENE":27.4,"test/E_logp":NaN,"prop_6_pred":5.4883386524482105e-06,"Estimator loss terms":9.637301445007324,"spectral_train":0.028908014311479935,"uniqueness":1,"test/X_logp":NaN,"prop_5_pred":0.0006640889769462335,"test/X_kl":0,"graph-tf-model_resume_epoch":4000,"centrality_harmonic_ref":88.06722751410045,"centrality_betweenness_train":0.00590435617287645,"spectral_ref":0.037115845244460655,"prop_3_pred":0.9245298551901846,"nb_nodes_HYGENE":69.73,"batch_test_nll":4012.14306640625}